,Wheels,100
Wheels,Alloy Wheels,101
Wheels,Steel Wheels,102
Wheels,Lug Nuts,103
Wheels,Wheel Spacers & Caps,104
Wheels,Wheel Accessories,105
,Tires,200
,Suspension,300
Suspension,Lift Kits,301
Suspension,Shocks,302
Suspension,Leveling Kits,303
Suspension,Steering Stablizers,304
Suspension,Leaf Springs,305
Suspension,Coil Springs,306
Suspension,Control Arms,307
Suspension,Bump Stops,308
Suspension,Body Lifts & Bushings,309
Suspension,Drive Shafts & Components,310
Suspension,Suspension Accessories,311
Suspension,Suspension Blocks,312
Suspension,Add A Leaf,313
Suspension,Axle Parts,314
Suspension,Tools & Kits,315
,Lights,400
Lights,LED Light Pods,401
Lights,LED Light Bars,402
Lights,LED Light Mounts,403
Lights,Driving Lights,404
Lights,Fog Lights,405
Lights,Headlights & Conversions,406
Lights,Tail & Brake Lights,407
Lights,Light Covers,408
Lights,Light Wiring Kits,409
Lights,Offroad Auxiliary Lights,410
,Apparel,500