"Term ID","Term Name","Term Slug","Parent Slug"
12434,1999,1999,
12435,Suzuki,suzuki,1999
12436,"Grand Vitara",grand-vitara,suzuki
12438,1907,1907,
12439,1909,1909,
12440,1910,1910,
12441,1911,1911,
12442,1912,1912,
12443,1913,1913,
12444,1914,1914,
12445,1915,1915,
12446,1916,1916,
12447,1917,1917,
12448,1918,1918,
12449,1919,1919,
12450,1920,1920,
12451,1921,1921,
12452,1922,1922,
12453,1923,1923,
12454,1924,1924,
12455,1925,1925,
12456,1926,1926,
12457,1927,1927,
12458,1928,1928,
12459,1929,1929,
12460,1930,1930,
12461,1931,1931,
12462,1932,1932,
12463,1933,1933,
12464,1934,1934,
12465,1935,1935,
12466,1936,1936,
12467,1937,1937,
12468,1938,1938,
12469,1939,1939,
12470,1940,1940,
12471,1941,1941,
12472,1942,1942,
12473,1943,1943,
12474,1944,1944,
12475,1945,1945,
12476,1946,1946,
12477,1947,1947,
12478,1948,1948,
12479,1949,1949,
12480,1950,1950,
12481,1951,1951,
12482,1952,1952,
12483,1953,1953,
12484,1954,1954,
12485,1955,1955,
12486,1956,1956,
12487,1957,1957,
12488,1958,1958,
12489,1959,1959,
12490,1960,1960,
12491,1961,1961,
12492,1962,1962,
12493,1963,1963,
12494,1964,1964,
12495,1965,1965,
12496,1966,1966,
12497,1967,1967,
12498,1968,1968,
12499,1969,1969,
12500,1970,1970,
12501,1971,1971,
12502,1972,1972,
12503,1973,1973,
12504,1974,1974,
12505,1975,1975,
12506,1976,1976,
12507,1977,1977,
12508,1978,1978,
12509,1979,1979,
12510,1980,1980,
12511,1981,1981,
12512,1982,1982,
12513,1983,1983,
12514,1984,1984,
12515,1985,1985,
12516,1986,1986,
12517,1987,1987,
12518,1988,1988,
12519,1989,1989,
12520,1990,1990,
12521,1991,1991,
12522,1992,1992,
12523,1993,1993,
12524,1994,1994,
12525,1995,1995,
12526,1996,1996,
12527,1997,1997,
12528,1998,1998,
12529,2000,2000,
12530,2001,2001,
12531,2002,2002,
12532,2003,2003,
12533,2004,2004,
12534,2005,2005,
12535,2006,2006,
12536,2007,2007,
12537,2008,2008,
12538,2009,2009,
12539,2010,2010,
12540,2011,2011,
12541,2012,2012,
12542,2013,2013,
12543,2014,2014,
12544,2015,2015,
12545,2016,2016,
12546,2017,2017,
12547,2018,2018,
12548,2019,2019,
12549,2020,2020,
12550,2021,2021,
12551,2022,2022,
12552,Acura,2022-acura,2022
12553,"Aston Martin",2022-aston-martin,2022
12554,Audi,2022-audi,2022
12555,BMW,2022-bmw,2022
12556,Buick,2022-buick,2022
12557,Cadillac,2022-cadillac,2022
12558,Chevrolet,2022-chevrolet,2022
12559,Ford,2022-ford,2022
12560,Genesis,2022-genesis,2022
12561,GMC,2022-gmc,2022
12562,Honda,2022-honda,2022
12563,Hyundai,2022-hyundai,2022
12564,Jeep,2022-jeep,2022
12565,Kia,2022-kia,2022
12566,"Land Rover",2022-land-rover,2022
12567,Lincoln,2022-lincoln,2022
12568,Mazda,2022-mazda,2022
12569,Mercedes-Benz,2022-mercedes-benz,2022
12570,Mitsubishi,2022-mitsubishi,2022
12571,Nissan,2022-nissan,2022
12572,Porsche,2022-porsche,2022
12573,Toyota,2022-toyota,2022
12574,Volkswagen,2022-volkswagen,2022
12575,Acura,2021-acura,2021
12576,"Alfa Romeo",2021-alfa-romeo,2021
12577,"Aston Martin",2021-aston-martin,2021
12578,Audi,2021-audi,2021
12579,Bentley,2021-bentley,2021
12580,BMW,2021-bmw,2021
12581,Buick,2021-buick,2021
12582,Cadillac,2021-cadillac,2021
12583,Chevrolet,2021-chevrolet,2021
12584,Dodge,2021-dodge,2021
12585,Fiat,2021-fiat,2021
12586,Ford,2021-ford,2021
12587,Freightliner,2021-freightliner,2021
12588,Genesis,2021-genesis,2021
12589,GMC,2021-gmc,2021
12590,Honda,2021-honda,2021
12591,Hyundai,2021-hyundai,2021
12592,Infiniti,2021-infiniti,2021
12593,Jaguar,2021-jaguar,2021
12594,Jeep,2021-jeep,2021
12595,Kia,2021-kia,2021
12596,Lamborghini,2021-lamborghini,2021
12597,"Land Rover",2021-land-rover,2021
12598,Lexus,2021-lexus,2021
12599,Lincoln,2021-lincoln,2021
12600,Maserati,2021-maserati,2021
12601,Mazda,2021-mazda,2021
12602,Mercedes-Benz,2021-mercedes-benz,2021
12603,Mitsubishi,2021-mitsubishi,2021
12604,Nissan,2021-nissan,2021
12605,Porsche,2021-porsche,2021
12606,Ram,2021-ram,2021
12607,Rolls-Royce,2021-rolls-royce,2021
12608,Subaru,2021-subaru,2021
12609,Tesla,2021-tesla,2021
12610,Toyota,2021-toyota,2021
12611,Volkswagen,2021-volkswagen,2021
12612,Volvo,2021-volvo,2021
12613,Acura,2020-acura,2020
12614,"Alfa Romeo",2020-alfa-romeo,2020
12615,Audi,2020-audi,2020
12616,Bentley,2020-bentley,2020
12617,BMW,2020-bmw,2020
12618,Buick,2020-buick,2020
12619,Cadillac,2020-cadillac,2020
12620,Chevrolet,2020-chevrolet,2020
12621,Dodge,2020-dodge,2020
12622,Fiat,2020-fiat,2020
12623,Ford,2020-ford,2020
12624,Freightliner,2020-freightliner,2020
12625,GMC,2020-gmc,2020
12626,Honda,2020-honda,2020
12627,Hyundai,2020-hyundai,2020
12628,Infiniti,2020-infiniti,2020
12629,Jaguar,2020-jaguar,2020
12630,Jeep,2020-jeep,2020
12631,Kia,2020-kia,2020
12632,Lamborghini,2020-lamborghini,2020
12633,"Land Rover",2020-land-rover,2020
12634,Lexus,2020-lexus,2020
12635,Lincoln,2020-lincoln,2020
12636,Maserati,2020-maserati,2020
12637,Mazda,2020-mazda,2020
12638,Mercedes-Benz,2020-mercedes-benz,2020
12639,Mitsubishi,2020-mitsubishi,2020
12640,Nissan,2020-nissan,2020
12641,Porsche,2020-porsche,2020
12642,Ram,2020-ram,2020
12643,Rolls-Royce,2020-rolls-royce,2020
12644,Subaru,2020-subaru,2020
12645,Tesla,2020-tesla,2020
12646,Toyota,2020-toyota,2020
12647,Volkswagen,2020-volkswagen,2020
12648,Volvo,2020-volvo,2020
12649,Acura,2019-acura,2019
12650,"Alfa Romeo",2019-alfa-romeo,2019
12651,Audi,2019-audi,2019
12652,Bentley,2019-bentley,2019
12653,BMW,2019-bmw,2019
12654,Buick,2019-buick,2019
12655,Cadillac,2019-cadillac,2019
12656,Chevrolet,2019-chevrolet,2019
12657,Dodge,2019-dodge,2019
12658,Fiat,2019-fiat,2019
12659,Ford,2019-ford,2019
12660,Freightliner,2019-freightliner,2019
12661,GMC,2019-gmc,2019
12662,Honda,2019-honda,2019
12663,Hyundai,2019-hyundai,2019
12664,Infiniti,2019-infiniti,2019
12665,Jaguar,2019-jaguar,2019
12666,Jeep,2019-jeep,2019
12667,Kia,2019-kia,2019
12668,Lamborghini,2019-lamborghini,2019
12669,"Land Rover",2019-land-rover,2019
12670,Lexus,2019-lexus,2019
12671,Lincoln,2019-lincoln,2019
12672,Maserati,2019-maserati,2019
12673,Mazda,2019-mazda,2019
12674,Mercedes-Benz,2019-mercedes-benz,2019
12675,Mitsubishi,2019-mitsubishi,2019
12676,Nissan,2019-nissan,2019
12677,Porsche,2019-porsche,2019
12678,Ram,2019-ram,2019
12679,Rolls-Royce,2019-rolls-royce,2019
12680,Subaru,2019-subaru,2019
12681,Tesla,2019-tesla,2019
12682,Toyota,2019-toyota,2019
12683,Volkswagen,2019-volkswagen,2019
12684,Volvo,2019-volvo,2019
12685,Acura,2018-acura,2018
12686,"Alfa Romeo",2018-alfa-romeo,2018
12687,Audi,2018-audi,2018
12688,Bentley,2018-bentley,2018
12689,BMW,2018-bmw,2018
12690,Buick,2018-buick,2018
12691,Cadillac,2018-cadillac,2018
12692,Can-Am,2018-can-am,2018
12693,Chevrolet,2018-chevrolet,2018
12694,Dodge,2018-dodge,2018
12695,Fiat,2018-fiat,2018
12696,Ford,2018-ford,2018
12697,Freightliner,2018-freightliner,2018
12698,GMC,2018-gmc,2018
12699,Honda,2018-honda,2018
12700,Hyundai,2018-hyundai,2018
12701,Infiniti,2018-infiniti,2018
12702,Jaguar,2018-jaguar,2018
12703,Jeep,2018-jeep,2018
12704,"John Deere",2018-john-deere,2018
12705,Kia,2018-kia,2018
12706,"Land Rover",2018-land-rover,2018
12707,Lexus,2018-lexus,2018
12708,Lincoln,2018-lincoln,2018
12709,Maserati,2018-maserati,2018
12710,Mazda,2018-mazda,2018
12711,Mercedes-Benz,2018-mercedes-benz,2018
12712,Mitsubishi,2018-mitsubishi,2018
12713,Nissan,2018-nissan,2018
12714,Polaris,2018-polaris,2018
12715,Porsche,2018-porsche,2018
12716,Ram,2018-ram,2018
12717,Subaru,2018-subaru,2018
12718,Tesla,2018-tesla,2018
12719,Toyota,2018-toyota,2018
12720,Volkswagen,2018-volkswagen,2018
12721,Volvo,2018-volvo,2018
12722,Acura,2017-acura,2017
12723,"Arctic Cat",2017-arctic-cat,2017
12724,Audi,2017-audi,2017
12725,Bentley,2017-bentley,2017
12726,BMW,2017-bmw,2017
12727,Buick,2017-buick,2017
12728,Cadillac,2017-cadillac,2017
12729,Can-Am,2017-can-am,2017
12730,Chevrolet,2017-chevrolet,2017
12731,Dodge,2017-dodge,2017
12732,Fiat,2017-fiat,2017
12733,Ford,2017-ford,2017
12734,Freightliner,2017-freightliner,2017
12735,GMC,2017-gmc,2017
12736,Honda,2017-honda,2017
12737,Hyundai,2017-hyundai,2017
12738,Infiniti,2017-infiniti,2017
12739,Jaguar,2017-jaguar,2017
12740,Jeep,2017-jeep,2017
12741,"John Deere",2017-john-deere,2017
12742,Kia,2017-kia,2017
12743,"Land Rover",2017-land-rover,2017
12744,Lexus,2017-lexus,2017
12745,Lincoln,2017-lincoln,2017
12746,Maserati,2017-maserati,2017
12747,Mazda,2017-mazda,2017
12748,Mercedes-Benz,2017-mercedes-benz,2017
12749,Mitsubishi,2017-mitsubishi,2017
12750,Nissan,2017-nissan,2017
12751,Polaris,2017-polaris,2017
12752,Porsche,2017-porsche,2017
12753,Ram,2017-ram,2017
12754,Subaru,2017-subaru,2017
12755,Tesla,2017-tesla,2017
12756,Toyota,2017-toyota,2017
12757,Volkswagen,2017-volkswagen,2017
12758,Volvo,2017-volvo,2017
12759,Yamaha,2017-yamaha,2017
12760,Acura,2016-acura,2016
12761,"Arctic Cat",2016-arctic-cat,2016
12762,Audi,2016-audi,2016
12763,BMW,2016-bmw,2016
12764,Buick,2016-buick,2016
12765,Cadillac,2016-cadillac,2016
12766,Can-Am,2016-can-am,2016
12767,Chevrolet,2016-chevrolet,2016
12768,Dodge,2016-dodge,2016
12769,Fiat,2016-fiat,2016
12770,Ford,2016-ford,2016
12771,Freightliner,2016-freightliner,2016
12772,GMC,2016-gmc,2016
12773,Honda,2016-honda,2016
12774,Hyundai,2016-hyundai,2016
12775,Infiniti,2016-infiniti,2016
12776,Jeep,2016-jeep,2016
12777,"John Deere",2016-john-deere,2016
12778,Kia,2016-kia,2016
12779,"Land Rover",2016-land-rover,2016
12780,Lexus,2016-lexus,2016
12781,Lincoln,2016-lincoln,2016
12782,Mazda,2016-mazda,2016
12783,Mercedes-Benz,2016-mercedes-benz,2016
12784,Mitsubishi,2016-mitsubishi,2016
12785,Nissan,2016-nissan,2016
12786,Polaris,2016-polaris,2016
12787,Porsche,2016-porsche,2016
12788,Ram,2016-ram,2016
12789,Subaru,2016-subaru,2016
12790,Tesla,2016-tesla,2016
12791,Toyota,2016-toyota,2016
12792,Volkswagen,2016-volkswagen,2016
12793,Volvo,2016-volvo,2016
12794,Yamaha,2016-yamaha,2016
12795,Acura,2015-acura,2015
12796,"Arctic Cat",2015-arctic-cat,2015
12797,Audi,2015-audi,2015
12798,BMW,2015-bmw,2015
12799,Buick,2015-buick,2015
12800,Cadillac,2015-cadillac,2015
12801,Can-Am,2015-can-am,2015
12802,Chevrolet,2015-chevrolet,2015
12803,Dodge,2015-dodge,2015
12804,Ford,2015-ford,2015
12805,Freightliner,2015-freightliner,2015
12806,GMC,2015-gmc,2015
12807,Honda,2015-honda,2015
12808,Hyundai,2015-hyundai,2015
12809,Infiniti,2015-infiniti,2015
12810,Jeep,2015-jeep,2015
12811,"John Deere",2015-john-deere,2015
12812,Kia,2015-kia,2015
12813,"Land Rover",2015-land-rover,2015
12814,Lexus,2015-lexus,2015
12815,Lincoln,2015-lincoln,2015
12816,Mazda,2015-mazda,2015
12817,Mercedes-Benz,2015-mercedes-benz,2015
12818,Mitsubishi,2015-mitsubishi,2015
12819,Nissan,2015-nissan,2015
12820,Polaris,2015-polaris,2015
12821,Porsche,2015-porsche,2015
12822,Ram,2015-ram,2015
12823,Subaru,2015-subaru,2015
12824,Toyota,2015-toyota,2015
12825,Volkswagen,2015-volkswagen,2015
12826,Volvo,2015-volvo,2015
12827,Acura,2014-acura,2014
12828,"Arctic Cat",2014-arctic-cat,2014
12829,Audi,2014-audi,2014
12830,BMW,2014-bmw,2014
12831,Buick,2014-buick,2014
12832,Cadillac,2014-cadillac,2014
12833,Can-Am,2014-can-am,2014
12834,Chevrolet,2014-chevrolet,2014
12835,Dodge,2014-dodge,2014
12836,Ford,2014-ford,2014
12837,Freightliner,2014-freightliner,2014
12838,GMC,2014-gmc,2014
12839,Honda,2014-honda,2014
12840,Hyundai,2014-hyundai,2014
12841,Infiniti,2014-infiniti,2014
12842,Jeep,2014-jeep,2014
12843,"John Deere",2014-john-deere,2014
12844,Kia,2014-kia,2014
12845,"Land Rover",2014-land-rover,2014
12846,Lexus,2014-lexus,2014
12847,Lincoln,2014-lincoln,2014
12848,Mazda,2014-mazda,2014
12849,Mercedes-Benz,2014-mercedes-benz,2014
12850,Mitsubishi,2014-mitsubishi,2014
12851,Nissan,2014-nissan,2014
12852,Polaris,2014-polaris,2014
12853,Porsche,2014-porsche,2014
12854,Ram,2014-ram,2014
12855,Subaru,2014-subaru,2014
12856,Toyota,2014-toyota,2014
12857,Volkswagen,2014-volkswagen,2014
12858,Volvo,2014-volvo,2014
12859,Acura,2013-acura,2013
12860,"Arctic Cat",2013-arctic-cat,2013
12861,Audi,2013-audi,2013
12862,BMW,2013-bmw,2013
12863,Buick,2013-buick,2013
12864,Cadillac,2013-cadillac,2013
12865,Can-Am,2013-can-am,2013
12866,Chevrolet,2013-chevrolet,2013
12867,Dodge,2013-dodge,2013
12868,Ford,2013-ford,2013
12869,Freightliner,2013-freightliner,2013
12870,GMC,2013-gmc,2013
12871,Honda,2013-honda,2013
12872,Hyundai,2013-hyundai,2013
12873,Infiniti,2013-infiniti,2013
12874,Jeep,2013-jeep,2013
12875,"John Deere",2013-john-deere,2013
12876,Kia,2013-kia,2013
12877,"Land Rover",2013-land-rover,2013
12878,Lexus,2013-lexus,2013
12879,Lincoln,2013-lincoln,2013
12880,Mazda,2013-mazda,2013
12881,Mercedes-Benz,2013-mercedes-benz,2013
12882,Mitsubishi,2013-mitsubishi,2013
12883,Nissan,2013-nissan,2013
12884,Polaris,2013-polaris,2013
12885,Porsche,2013-porsche,2013
12886,Ram,2013-ram,2013
12887,Subaru,2013-subaru,2013
12888,Suzuki,2013-suzuki,2013
12889,Toyota,2013-toyota,2013
12890,Volkswagen,2013-volkswagen,2013
12891,Volvo,2013-volvo,2013
12892,Acura,2012-acura,2012
12893,"Arctic Cat",2012-arctic-cat,2012
12894,Audi,2012-audi,2012
12895,BMW,2012-bmw,2012
12896,Buick,2012-buick,2012
12897,Cadillac,2012-cadillac,2012
12898,Can-Am,2012-can-am,2012
12899,Chevrolet,2012-chevrolet,2012
12900,Dodge,2012-dodge,2012
12901,Ford,2012-ford,2012
12902,Freightliner,2012-freightliner,2012
12903,GMC,2012-gmc,2012
12904,Honda,2012-honda,2012
12905,Hyundai,2012-hyundai,2012
12906,Infiniti,2012-infiniti,2012
12907,Jeep,2012-jeep,2012
12908,"John Deere",2012-john-deere,2012
12909,Kia,2012-kia,2012
12910,"Land Rover",2012-land-rover,2012
12911,Lexus,2012-lexus,2012
12912,Lincoln,2012-lincoln,2012
12913,Mazda,2012-mazda,2012
12914,Mercedes-Benz,2012-mercedes-benz,2012
12915,Mitsubishi,2012-mitsubishi,2012
12916,Nissan,2012-nissan,2012
12917,Polaris,2012-polaris,2012
12918,Porsche,2012-porsche,2012
12919,Ram,2012-ram,2012
12920,Subaru,2012-subaru,2012
12921,Suzuki,2012-suzuki,2012
12922,Toyota,2012-toyota,2012
12923,Volkswagen,2012-volkswagen,2012
12924,Volvo,2012-volvo,2012
12925,Acura,2011-acura,2011
12926,Audi,2011-audi,2011
12927,BMW,2011-bmw,2011
12928,Buick,2011-buick,2011
12929,Cadillac,2011-cadillac,2011
12930,Chevrolet,2011-chevrolet,2011
12931,Dodge,2011-dodge,2011
12932,Ford,2011-ford,2011
12933,Freightliner,2011-freightliner,2011
12934,GMC,2011-gmc,2011
12935,Honda,2011-honda,2011
12936,Hyundai,2011-hyundai,2011
12937,Infiniti,2011-infiniti,2011
12938,Jeep,2011-jeep,2011
12939,Kia,2011-kia,2011
12940,"Land Rover",2011-land-rover,2011
12941,Lexus,2011-lexus,2011
12942,Lincoln,2011-lincoln,2011
12943,Mazda,2011-mazda,2011
12944,Mercedes-Benz,2011-mercedes-benz,2011
12945,Mercury,2011-mercury,2011
12946,Mitsubishi,2011-mitsubishi,2011
12947,Nissan,2011-nissan,2011
12948,Porsche,2011-porsche,2011
12949,Ram,2011-ram,2011
12950,Saab,2011-saab,2011
12951,Subaru,2011-subaru,2011
12952,Suzuki,2011-suzuki,2011
12953,Toyota,2011-toyota,2011
12954,Volkswagen,2011-volkswagen,2011
12955,Volvo,2011-volvo,2011
12956,Acura,2010-acura,2010
12957,Audi,2010-audi,2010
12958,BMW,2010-bmw,2010
12959,Buick,2010-buick,2010
12960,Cadillac,2010-cadillac,2010
12961,Chevrolet,2010-chevrolet,2010
12962,Dodge,2010-dodge,2010
12963,Ford,2010-ford,2010
12964,Freightliner,2010-freightliner,2010
12965,GMC,2010-gmc,2010
12966,Honda,2010-honda,2010
12967,Hummer,2010-hummer,2010
12968,Hyundai,2010-hyundai,2010
12969,Infiniti,2010-infiniti,2010
12970,Jeep,2010-jeep,2010
12971,Kia,2010-kia,2010
12972,"Land Rover",2010-land-rover,2010
12973,Lexus,2010-lexus,2010
12974,Lincoln,2010-lincoln,2010
12975,Mazda,2010-mazda,2010
12976,Mercedes-Benz,2010-mercedes-benz,2010
12977,Mercury,2010-mercury,2010
12978,Mitsubishi,2010-mitsubishi,2010
12979,Nissan,2010-nissan,2010
12980,Porsche,2010-porsche,2010
12981,Saturn,2010-saturn,2010
12982,Subaru,2010-subaru,2010
12983,Suzuki,2010-suzuki,2010
12984,Toyota,2010-toyota,2010
12985,Volkswagen,2010-volkswagen,2010
12986,Volvo,2010-volvo,2010
12987,Acura,2009-acura,2009
12988,Audi,2009-audi,2009
12989,BMW,2009-bmw,2009
12990,Buick,2009-buick,2009
12991,Cadillac,2009-cadillac,2009
12992,Chevrolet,2009-chevrolet,2009
12993,Chrysler,2009-chrysler,2009
12994,Dodge,2009-dodge,2009
12995,Ford,2009-ford,2009
12996,Freightliner,2009-freightliner,2009
12997,GMC,2009-gmc,2009
12998,Honda,2009-honda,2009
12999,Hummer,2009-hummer,2009
13000,Hyundai,2009-hyundai,2009
13001,Infiniti,2009-infiniti,2009
13002,Jeep,2009-jeep,2009
13003,Kia,2009-kia,2009
13004,"Land Rover",2009-land-rover,2009
13005,Lexus,2009-lexus,2009
13006,Lincoln,2009-lincoln,2009
13007,Mazda,2009-mazda,2009
13008,Mercedes-Benz,2009-mercedes-benz,2009
13009,Mercury,2009-mercury,2009
13010,Mitsubishi,2009-mitsubishi,2009
13011,Nissan,2009-nissan,2009
13012,Pontiac,2009-pontiac,2009
13013,Porsche,2009-porsche,2009
13014,Saab,2009-saab,2009
13015,Saturn,2009-saturn,2009
13016,Subaru,2009-subaru,2009
13017,Suzuki,2009-suzuki,2009
13018,Toyota,2009-toyota,2009
13019,Volkswagen,2009-volkswagen,2009
13020,Volvo,2009-volvo,2009
13021,Acura,2008-acura,2008
13022,Audi,2008-audi,2008
13023,BMW,2008-bmw,2008
13024,Buick,2008-buick,2008
13025,Cadillac,2008-cadillac,2008
13026,Chevrolet,2008-chevrolet,2008
13027,Chrysler,2008-chrysler,2008
13028,Dodge,2008-dodge,2008
13029,Ford,2008-ford,2008
13030,Freightliner,2008-freightliner,2008
13031,GMC,2008-gmc,2008
13032,Honda,2008-honda,2008
13033,Hummer,2008-hummer,2008
13034,Hyundai,2008-hyundai,2008
13035,Infiniti,2008-infiniti,2008
13036,Isuzu,2008-isuzu,2008
13037,Jeep,2008-jeep,2008
13038,Kia,2008-kia,2008
13039,"Land Rover",2008-land-rover,2008
13040,Lexus,2008-lexus,2008
13041,Lincoln,2008-lincoln,2008
13042,Mazda,2008-mazda,2008
13043,Mercedes-Benz,2008-mercedes-benz,2008
13044,Mercury,2008-mercury,2008
13045,Mitsubishi,2008-mitsubishi,2008
13046,Nissan,2008-nissan,2008
13047,Pontiac,2008-pontiac,2008
13048,Porsche,2008-porsche,2008
13049,Saab,2008-saab,2008
13050,Saturn,2008-saturn,2008
13051,Subaru,2008-subaru,2008
13052,Suzuki,2008-suzuki,2008
13053,Toyota,2008-toyota,2008
13054,Volkswagen,2008-volkswagen,2008
13055,Volvo,2008-volvo,2008
13056,Acura,2007-acura,2007
13057,Audi,2007-audi,2007
13058,BMW,2007-bmw,2007
13059,Buick,2007-buick,2007
13060,Cadillac,2007-cadillac,2007
13061,Chevrolet,2007-chevrolet,2007
13062,Chrysler,2007-chrysler,2007
13063,Dodge,2007-dodge,2007
13064,Ford,2007-ford,2007
13065,Freightliner,2007-freightliner,2007
13066,GMC,2007-gmc,2007
13067,Honda,2007-honda,2007
13068,Hummer,2007-hummer,2007
13069,Hyundai,2007-hyundai,2007
13070,Infiniti,2007-infiniti,2007
13071,Isuzu,2007-isuzu,2007
13072,Jeep,2007-jeep,2007
13073,Kia,2007-kia,2007
13074,"Land Rover",2007-land-rover,2007
13075,Lexus,2007-lexus,2007
13076,Lincoln,2007-lincoln,2007
13077,Mazda,2007-mazda,2007
13078,Mercedes-Benz,2007-mercedes-benz,2007
13079,Mercury,2007-mercury,2007
13080,Mitsubishi,2007-mitsubishi,2007
13081,Nissan,2007-nissan,2007
13082,Pontiac,2007-pontiac,2007
13083,Saab,2007-saab,2007
13084,Saturn,2007-saturn,2007
13085,Subaru,2007-subaru,2007
13086,Suzuki,2007-suzuki,2007
13087,Toyota,2007-toyota,2007
13088,Volkswagen,2007-volkswagen,2007
13089,Volvo,2007-volvo,2007
13090,Acura,2006-acura,2006
13091,BMW,2006-bmw,2006
13092,Buick,2006-buick,2006
13093,Cadillac,2006-cadillac,2006
13094,Chevrolet,2006-chevrolet,2006
13095,Chrysler,2006-chrysler,2006
13096,Dodge,2006-dodge,2006
13097,Ford,2006-ford,2006
13098,Freightliner,2006-freightliner,2006
13099,GMC,2006-gmc,2006
13100,Honda,2006-honda,2006
13101,Hummer,2006-hummer,2006
13102,Hyundai,2006-hyundai,2006
13103,Infiniti,2006-infiniti,2006
13104,Isuzu,2006-isuzu,2006
13105,Jeep,2006-jeep,2006
13106,Kia,2006-kia,2006
13107,"Land Rover",2006-land-rover,2006
13108,Lexus,2006-lexus,2006
13109,Lincoln,2006-lincoln,2006
13110,Mazda,2006-mazda,2006
13111,Mercedes-Benz,2006-mercedes-benz,2006
13112,Mercury,2006-mercury,2006
13113,Mitsubishi,2006-mitsubishi,2006
13114,Nissan,2006-nissan,2006
13115,Pontiac,2006-pontiac,2006
13116,Porsche,2006-porsche,2006
13117,Saab,2006-saab,2006
13118,Saturn,2006-saturn,2006
13119,Subaru,2006-subaru,2006
13120,Suzuki,2006-suzuki,2006
13121,Toyota,2006-toyota,2006
13122,Volkswagen,2006-volkswagen,2006
13123,Volvo,2006-volvo,2006
13124,Acura,2005-acura,2005
13125,BMW,2005-bmw,2005
13126,Buick,2005-buick,2005
13127,Cadillac,2005-cadillac,2005
13128,Chevrolet,2005-chevrolet,2005
13129,Chrysler,2005-chrysler,2005
13130,Dodge,2005-dodge,2005
13131,Ford,2005-ford,2005
13132,Freightliner,2005-freightliner,2005
13133,GMC,2005-gmc,2005
13134,Honda,2005-honda,2005
13135,Hummer,2005-hummer,2005
13136,Hyundai,2005-hyundai,2005
13137,Infiniti,2005-infiniti,2005
13138,Isuzu,2005-isuzu,2005
13139,Jeep,2005-jeep,2005
13140,Kia,2005-kia,2005
13141,"Land Rover",2005-land-rover,2005
13142,Lexus,2005-lexus,2005
13143,Lincoln,2005-lincoln,2005
13144,Mazda,2005-mazda,2005
13145,Mercedes-Benz,2005-mercedes-benz,2005
13146,Mercury,2005-mercury,2005
13147,Mitsubishi,2005-mitsubishi,2005
13148,Nissan,2005-nissan,2005
13149,Pontiac,2005-pontiac,2005
13150,Porsche,2005-porsche,2005
13151,Saab,2005-saab,2005
13152,Saturn,2005-saturn,2005
13153,Subaru,2005-subaru,2005
13154,Suzuki,2005-suzuki,2005
13155,Toyota,2005-toyota,2005
13156,Volkswagen,2005-volkswagen,2005
13157,Volvo,2005-volvo,2005
13158,Acura,2004-acura,2004
13159,BMW,2004-bmw,2004
13160,Buick,2004-buick,2004
13161,Cadillac,2004-cadillac,2004
13162,Chevrolet,2004-chevrolet,2004
13163,Chrysler,2004-chrysler,2004
13164,Dodge,2004-dodge,2004
13165,Ford,2004-ford,2004
13166,Freightliner,2004-freightliner,2004
13167,GMC,2004-gmc,2004
13168,Honda,2004-honda,2004
13169,Hummer,2004-hummer,2004
13170,Hyundai,2004-hyundai,2004
13171,Infiniti,2004-infiniti,2004
13172,Isuzu,2004-isuzu,2004
13173,Jeep,2004-jeep,2004
13174,Kia,2004-kia,2004
13175,"Land Rover",2004-land-rover,2004
13176,Lexus,2004-lexus,2004
13177,Lincoln,2004-lincoln,2004
13178,Mazda,2004-mazda,2004
13179,Mercedes-Benz,2004-mercedes-benz,2004
13180,Mercury,2004-mercury,2004
13181,Mitsubishi,2004-mitsubishi,2004
13182,Nissan,2004-nissan,2004
13183,Oldsmobile,2004-oldsmobile,2004
13184,Pontiac,2004-pontiac,2004
13185,Porsche,2004-porsche,2004
13186,Saturn,2004-saturn,2004
13187,Subaru,2004-subaru,2004
13188,Suzuki,2004-suzuki,2004
13189,Toyota,2004-toyota,2004
13190,Volkswagen,2004-volkswagen,2004
13191,Volvo,2004-volvo,2004
13192,Acura,2003-acura,2003
13193,BMW,2003-bmw,2003
13194,Buick,2003-buick,2003
13195,Cadillac,2003-cadillac,2003
13196,Chevrolet,2003-chevrolet,2003
13197,Dodge,2003-dodge,2003
13198,Ford,2003-ford,2003
13199,Freightliner,2003-freightliner,2003
13200,GMC,2003-gmc,2003
13201,Honda,2003-honda,2003
13202,Hummer,2003-hummer,2003
13203,Hyundai,2003-hyundai,2003
13204,Infiniti,2003-infiniti,2003
13205,Isuzu,2003-isuzu,2003
13206,Jeep,2003-jeep,2003
13207,Kia,2003-kia,2003
13208,"Land Rover",2003-land-rover,2003
13209,Lexus,2003-lexus,2003
13210,Lincoln,2003-lincoln,2003
13211,Mazda,2003-mazda,2003
13212,Mercedes-Benz,2003-mercedes-benz,2003
13213,Mercury,2003-mercury,2003
13214,Mitsubishi,2003-mitsubishi,2003
13215,Nissan,2003-nissan,2003
13216,Oldsmobile,2003-oldsmobile,2003
13217,Pontiac,2003-pontiac,2003
13218,Porsche,2003-porsche,2003
13219,Saturn,2003-saturn,2003
13220,Subaru,2003-subaru,2003
13221,Suzuki,2003-suzuki,2003
13222,Toyota,2003-toyota,2003
13223,Volvo,2003-volvo,2003
13224,Acura,2002-acura,2002
13225,BMW,2002-bmw,2002
13226,Buick,2002-buick,2002
13227,Cadillac,2002-cadillac,2002
13228,Chevrolet,2002-chevrolet,2002
13229,Dodge,2002-dodge,2002
13230,Ford,2002-ford,2002
13231,Freightliner,2002-freightliner,2002
13232,GMC,2002-gmc,2002
13233,Honda,2002-honda,2002
13234,Hummer,2002-hummer,2002
13235,Hyundai,2002-hyundai,2002
13236,Infiniti,2002-infiniti,2002
13237,Isuzu,2002-isuzu,2002
13238,Jeep,2002-jeep,2002
13239,Kia,2002-kia,2002
13240,"Land Rover",2002-land-rover,2002
13241,Lexus,2002-lexus,2002
13242,Lincoln,2002-lincoln,2002
13243,Mazda,2002-mazda,2002
13244,Mercedes-Benz,2002-mercedes-benz,2002
13245,Mercury,2002-mercury,2002
13246,Mitsubishi,2002-mitsubishi,2002
13247,Nissan,2002-nissan,2002
13248,Oldsmobile,2002-oldsmobile,2002
13249,Pontiac,2002-pontiac,2002
13250,Saturn,2002-saturn,2002
13251,Subaru,2002-subaru,2002
13252,Suzuki,2002-suzuki,2002
13253,Toyota,2002-toyota,2002
13254,Acura,2001-acura,2001
13255,"AM General",2001-am-general,2001
13256,BMW,2001-bmw,2001
13257,Chevrolet,2001-chevrolet,2001
13258,Dodge,2001-dodge,2001
13259,Ford,2001-ford,2001
13260,GMC,2001-gmc,2001
13261,Honda,2001-honda,2001
13262,Hyundai,2001-hyundai,2001
13263,Infiniti,2001-infiniti,2001
13264,Isuzu,2001-isuzu,2001
13265,Jeep,2001-jeep,2001
13266,Kia,2001-kia,2001
13267,Laforza,2001-laforza,2001
13268,"Land Rover",2001-land-rover,2001
13269,Lexus,2001-lexus,2001
13270,Lincoln,2001-lincoln,2001
13271,Mazda,2001-mazda,2001
13272,Mercedes-Benz,2001-mercedes-benz,2001
13273,Mercury,2001-mercury,2001
13274,Mitsubishi,2001-mitsubishi,2001
13275,Nissan,2001-nissan,2001
13276,Oldsmobile,2001-oldsmobile,2001
13277,Pontiac,2001-pontiac,2001
13278,Subaru,2001-subaru,2001
13279,Suzuki,2001-suzuki,2001
13280,Toyota,2001-toyota,2001
13281,"AM General",2000-am-general,2000
13282,BMW,2000-bmw,2000
13283,Cadillac,2000-cadillac,2000
13284,Chevrolet,2000-chevrolet,2000
13285,Dodge,2000-dodge,2000
13286,Ford,2000-ford,2000
13287,GMC,2000-gmc,2000
13288,Honda,2000-honda,2000
13289,Infiniti,2000-infiniti,2000
13290,Isuzu,2000-isuzu,2000
13291,Jeep,2000-jeep,2000
13292,Kia,2000-kia,2000
13293,Laforza,2000-laforza,2000
13294,"Land Rover",2000-land-rover,2000
13295,Lexus,2000-lexus,2000
13296,Lincoln,2000-lincoln,2000
13297,Mazda,2000-mazda,2000
13298,Mercedes-Benz,2000-mercedes-benz,2000
13299,Mercury,2000-mercury,2000
13300,Mitsubishi,2000-mitsubishi,2000
13301,Nissan,2000-nissan,2000
13302,Oldsmobile,2000-oldsmobile,2000
13303,Subaru,2000-subaru,2000
13304,Suzuki,2000-suzuki,2000
13305,Toyota,2000-toyota,2000
13306,Acura,1999-acura,1999
13307,"AM General",1999-am-general,1999
13308,Cadillac,1999-cadillac,1999
13309,Chevrolet,1999-chevrolet,1999
13310,Dodge,1999-dodge,1999
13311,Ford,1999-ford,1999
13312,GMC,1999-gmc,1999
13313,Honda,1999-honda,1999
13314,Infiniti,1999-infiniti,1999
13315,Isuzu,1999-isuzu,1999
13316,Jeep,1999-jeep,1999
13317,Kia,1999-kia,1999
13318,Laforza,1999-laforza,1999
13319,"Land Rover",1999-land-rover,1999
13320,Lexus,1999-lexus,1999
13321,Lincoln,1999-lincoln,1999
13322,Mazda,1999-mazda,1999
13323,Mercedes-Benz,1999-mercedes-benz,1999
13324,Mercury,1999-mercury,1999
13325,Mitsubishi,1999-mitsubishi,1999
13326,Nissan,1999-nissan,1999
13327,Oldsmobile,1999-oldsmobile,1999
13328,Subaru,1999-subaru,1999
13329,Suzuki,1999-suzuki,1999
13330,Toyota,1999-toyota,1999
13331,Acura,1998-acura,1998
13332,"AM General",1998-am-general,1998
13333,Chevrolet,1998-chevrolet,1998
13334,Dodge,1998-dodge,1998
13335,Ford,1998-ford,1998
13336,GMC,1998-gmc,1998
13337,Honda,1998-honda,1998
13338,Infiniti,1998-infiniti,1998
13339,Isuzu,1998-isuzu,1998
13340,Jeep,1998-jeep,1998
13341,Kia,1998-kia,1998
13342,Laforza,1998-laforza,1998
13343,"Land Rover",1998-land-rover,1998
13344,Lexus,1998-lexus,1998
13345,Lincoln,1998-lincoln,1998
13346,Mazda,1998-mazda,1998
13347,Mercedes-Benz,1998-mercedes-benz,1998
13348,Mercury,1998-mercury,1998
13349,Mitsubishi,1998-mitsubishi,1998
13350,Nissan,1998-nissan,1998
13351,Oldsmobile,1998-oldsmobile,1998
13352,Subaru,1998-subaru,1998
13353,Suzuki,1998-suzuki,1998
13354,Toyota,1998-toyota,1998
13355,Acura,1997-acura,1997
13356,"AM General",1997-am-general,1997
13357,Chevrolet,1997-chevrolet,1997
13358,Dodge,1997-dodge,1997
13359,Ford,1997-ford,1997
13360,Geo,1997-geo,1997
13361,GMC,1997-gmc,1997
13362,Honda,1997-honda,1997
13363,Infiniti,1997-infiniti,1997
13364,Isuzu,1997-isuzu,1997
13365,Jeep,1997-jeep,1997
13366,Kia,1997-kia,1997
13367,Laforza,1997-laforza,1997
13368,"Land Rover",1997-land-rover,1997
13369,Lexus,1997-lexus,1997
13370,Mazda,1997-mazda,1997
13371,Mercury,1997-mercury,1997
13372,Mitsubishi,1997-mitsubishi,1997
13373,Nissan,1997-nissan,1997
13374,Oldsmobile,1997-oldsmobile,1997
13375,Suzuki,1997-suzuki,1997
13376,Toyota,1997-toyota,1997
13377,Acura,1996-acura,1996
13378,"AM General",1996-am-general,1996
13379,Chevrolet,1996-chevrolet,1996
13380,Dodge,1996-dodge,1996
13381,Ford,1996-ford,1996
13382,Geo,1996-geo,1996
13383,GMC,1996-gmc,1996
13384,Honda,1996-honda,1996
13385,Isuzu,1996-isuzu,1996
13386,Jeep,1996-jeep,1996
13387,Kia,1996-kia,1996
13388,Laforza,1996-laforza,1996
13389,"Land Rover",1996-land-rover,1996
13390,Lexus,1996-lexus,1996
13391,Mazda,1996-mazda,1996
13392,Mitsubishi,1996-mitsubishi,1996
13393,Nissan,1996-nissan,1996
13394,Oldsmobile,1996-oldsmobile,1996
13395,Suzuki,1996-suzuki,1996
13396,Toyota,1996-toyota,1996
13397,"AM General",1995-am-general,1995
13398,Chevrolet,1995-chevrolet,1995
13399,Dodge,1995-dodge,1995
13400,Ford,1995-ford,1995
13401,Geo,1995-geo,1995
13402,GMC,1995-gmc,1995
13403,Honda,1995-honda,1995
13404,Isuzu,1995-isuzu,1995
13405,Jeep,1995-jeep,1995
13406,Kia,1995-kia,1995
13407,Laforza,1995-laforza,1995
13408,"Land Rover",1995-land-rover,1995
13409,Mazda,1995-mazda,1995
13410,Mitsubishi,1995-mitsubishi,1995
13411,Nissan,1995-nissan,1995
13412,Suzuki,1995-suzuki,1995
13413,Toyota,1995-toyota,1995
13414,"AM General",1994-am-general,1994
13415,Chevrolet,1994-chevrolet,1994
13416,Dodge,1994-dodge,1994
13417,Ford,1994-ford,1994
13418,Geo,1994-geo,1994
13419,GMC,1994-gmc,1994
13420,Honda,1994-honda,1994
13421,Isuzu,1994-isuzu,1994
13422,Jeep,1994-jeep,1994
13423,Laforza,1994-laforza,1994
13424,"Land Rover",1994-land-rover,1994
13425,Mazda,1994-mazda,1994
13426,Mitsubishi,1994-mitsubishi,1994
13427,Nissan,1994-nissan,1994
13428,Oldsmobile,1994-oldsmobile,1994
13429,Suzuki,1994-suzuki,1994
13430,Toyota,1994-toyota,1994
13431,Utilimaster,1994-utilimaster,1994
13432,"AM General",1993-am-general,1993
13433,Chevrolet,1993-chevrolet,1993
13434,Dodge,1993-dodge,1993
13435,Ford,1993-ford,1993
13436,Geo,1993-geo,1993
13437,GMC,1993-gmc,1993
13438,Isuzu,1993-isuzu,1993
13439,Jeep,1993-jeep,1993
13440,Laforza,1993-laforza,1993
13441,Lamborghini,1993-lamborghini,1993
13442,"Land Rover",1993-land-rover,1993
13443,Mazda,1993-mazda,1993
13444,Mitsubishi,1993-mitsubishi,1993
13445,Nissan,1993-nissan,1993
13446,Oldsmobile,1993-oldsmobile,1993
13447,Suzuki,1993-suzuki,1993
13448,Toyota,1993-toyota,1993
13449,Utilimaster,1993-utilimaster,1993
13450,"AM General",1992-am-general,1992
13451,Chevrolet,1992-chevrolet,1992
13452,Daihatsu,1992-daihatsu,1992
13453,Dodge,1992-dodge,1992
13454,Ford,1992-ford,1992
13455,Geo,1992-geo,1992
13456,GMC,1992-gmc,1992
13457,Isuzu,1992-isuzu,1992
13458,Jeep,1992-jeep,1992
13459,Laforza,1992-laforza,1992
13460,Lamborghini,1992-lamborghini,1992
13461,"Land Rover",1992-land-rover,1992
13462,Mazda,1992-mazda,1992
13463,Mitsubishi,1992-mitsubishi,1992
13464,Nissan,1992-nissan,1992
13465,Oldsmobile,1992-oldsmobile,1992
13466,Suzuki,1992-suzuki,1992
13467,Toyota,1992-toyota,1992
13468,Utilimaster,1992-utilimaster,1992
13469,Chevrolet,1991-chevrolet,1991
13470,Daihatsu,1991-daihatsu,1991
13471,Dodge,1991-dodge,1991
13472,Ford,1991-ford,1991
13473,Geo,1991-geo,1991
13474,GMC,1991-gmc,1991
13475,Isuzu,1991-isuzu,1991
13476,Jeep,1991-jeep,1991
13477,Laforza,1991-laforza,1991
13478,Lamborghini,1991-lamborghini,1991
13479,"Land Rover",1991-land-rover,1991
13480,Mazda,1991-mazda,1991
13481,Mitsubishi,1991-mitsubishi,1991
13482,Nissan,1991-nissan,1991
13483,Oldsmobile,1991-oldsmobile,1991
13484,Suzuki,1991-suzuki,1991
13485,Toyota,1991-toyota,1991
13486,Utilimaster,1991-utilimaster,1991
13487,Chevrolet,1990-chevrolet,1990
13488,Daihatsu,1990-daihatsu,1990
13489,Dodge,1990-dodge,1990
13490,Ford,1990-ford,1990
13491,Geo,1990-geo,1990
13492,GMC,1990-gmc,1990
13493,Isuzu,1990-isuzu,1990
13494,Jeep,1990-jeep,1990
13495,Laforza,1990-laforza,1990
13496,Lamborghini,1990-lamborghini,1990
13497,"Land Rover",1990-land-rover,1990
13498,Mazda,1990-mazda,1990
13499,Mitsubishi,1990-mitsubishi,1990
13500,Nissan,1990-nissan,1990
13501,Suzuki,1990-suzuki,1990
13502,Toyota,1990-toyota,1990
13503,Utilimaster,1990-utilimaster,1990
13504,Chevrolet,1989-chevrolet,1989
13505,Dodge,1989-dodge,1989
13506,Ford,1989-ford,1989
13507,Geo,1989-geo,1989
13508,GMC,1989-gmc,1989
13509,Isuzu,1989-isuzu,1989
13510,Jeep,1989-jeep,1989
13511,Laforza,1989-laforza,1989
13512,Lamborghini,1989-lamborghini,1989
13513,"Land Rover",1989-land-rover,1989
13514,Mazda,1989-mazda,1989
13515,Mitsubishi,1989-mitsubishi,1989
13516,Nissan,1989-nissan,1989
13517,Suzuki,1989-suzuki,1989
13518,Toyota,1989-toyota,1989
13519,Utilimaster,1989-utilimaster,1989
13520,Chevrolet,1988-chevrolet,1988
13521,Dodge,1988-dodge,1988
13522,Ford,1988-ford,1988
13523,GMC,1988-gmc,1988
13524,Isuzu,1988-isuzu,1988
13525,Jeep,1988-jeep,1988
13526,Lamborghini,1988-lamborghini,1988
13527,"Land Rover",1988-land-rover,1988
13528,Mazda,1988-mazda,1988
13529,Mitsubishi,1988-mitsubishi,1988
13530,Nissan,1988-nissan,1988
13531,Suzuki,1988-suzuki,1988
13532,Toyota,1988-toyota,1988
13533,Chevrolet,1987-chevrolet,1987
13534,Dodge,1987-dodge,1987
13535,Ford,1987-ford,1987
13536,GMC,1987-gmc,1987
13537,Isuzu,1987-isuzu,1987
13538,Jeep,1987-jeep,1987
13539,Lamborghini,1987-lamborghini,1987
13540,"Land Rover",1987-land-rover,1987
13541,Mazda,1987-mazda,1987
13542,Mitsubishi,1987-mitsubishi,1987
13543,Nissan,1987-nissan,1987
13544,Subaru,1987-subaru,1987
13545,Suzuki,1987-suzuki,1987
13546,Toyota,1987-toyota,1987
13547,Chevrolet,1986-chevrolet,1986
13548,Dodge,1986-dodge,1986
13549,Ford,1986-ford,1986
13550,GMC,1986-gmc,1986
13551,Isuzu,1986-isuzu,1986
13552,Jeep,1986-jeep,1986
13553,Lamborghini,1986-lamborghini,1986
13554,Mazda,1986-mazda,1986
13555,Mitsubishi,1986-mitsubishi,1986
13556,Nissan,1986-nissan,1986
13557,Subaru,1986-subaru,1986
13558,Suzuki,1986-suzuki,1986
13559,Toyota,1986-toyota,1986
13560,Chevrolet,1985-chevrolet,1985
13561,Dodge,1985-dodge,1985
13562,Ford,1985-ford,1985
13563,GMC,1985-gmc,1985
13564,Isuzu,1985-isuzu,1985
13565,Jeep,1985-jeep,1985
13566,Mitsubishi,1985-mitsubishi,1985
13567,Nissan,1985-nissan,1985
13568,Subaru,1985-subaru,1985
13569,Suzuki,1985-suzuki,1985
13570,Toyota,1985-toyota,1985
13571,Chevrolet,1984-chevrolet,1984
13572,Dodge,1984-dodge,1984
13573,Ford,1984-ford,1984
13574,GMC,1984-gmc,1984
13575,Isuzu,1984-isuzu,1984
13576,Jeep,1984-jeep,1984
13577,Mazda,1984-mazda,1984
13578,Mitsubishi,1984-mitsubishi,1984
13579,Nissan,1984-nissan,1984
13580,Subaru,1984-subaru,1984
13581,Toyota,1984-toyota,1984
13582,Chevrolet,1983-chevrolet,1983
13583,Dodge,1983-dodge,1983
13584,Ford,1983-ford,1983
13585,GMC,1983-gmc,1983
13586,Isuzu,1983-isuzu,1983
13587,Jeep,1983-jeep,1983
13588,Mazda,1983-mazda,1983
13589,Mitsubishi,1983-mitsubishi,1983
13590,Nissan,1983-nissan,1983
13591,Subaru,1983-subaru,1983
13592,Toyota,1983-toyota,1983
13593,Volkswagen,1983-volkswagen,1983
13594,Chevrolet,1982-chevrolet,1982
13595,Dodge,1982-dodge,1982
13596,Ford,1982-ford,1982
13597,GMC,1982-gmc,1982
13598,Isuzu,1982-isuzu,1982
13599,Jeep,1982-jeep,1982
13600,Mazda,1982-mazda,1982
13601,Nissan,1982-nissan,1982
13602,Plymouth,1982-plymouth,1982
13603,Subaru,1982-subaru,1982
13604,Toyota,1982-toyota,1982
13605,Volkswagen,1982-volkswagen,1982
13606,Chevrolet,1981-chevrolet,1981
13607,Dodge,1981-dodge,1981
13608,Ford,1981-ford,1981
13609,GMC,1981-gmc,1981
13610,Isuzu,1981-isuzu,1981
13611,Jeep,1981-jeep,1981
13612,Mazda,1981-mazda,1981
13613,Nissan,1981-nissan,1981
13614,Plymouth,1981-plymouth,1981
13615,Subaru,1981-subaru,1981
13616,Toyota,1981-toyota,1981
13617,Volkswagen,1981-volkswagen,1981
13618,Chevrolet,1980-chevrolet,1980
13619,Dodge,1980-dodge,1980
13620,Ford,1980-ford,1980
13621,GMC,1980-gmc,1980
13622,International,1980-international,1980
13623,Jeep,1980-jeep,1980
13624,Mazda,1980-mazda,1980
13625,Nissan,1980-nissan,1980
13626,Plymouth,1980-plymouth,1980
13627,Subaru,1980-subaru,1980
13628,Toyota,1980-toyota,1980
13629,Volkswagen,1980-volkswagen,1980
13630,Chevrolet,1979-chevrolet,1979
13631,Dodge,1979-dodge,1979
13632,Ford,1979-ford,1979
13633,GMC,1979-gmc,1979
13634,International,1979-international,1979
13635,Jeep,1979-jeep,1979
13636,Mazda,1979-mazda,1979
13637,Nissan,1979-nissan,1979
13638,Plymouth,1979-plymouth,1979
13639,Subaru,1979-subaru,1979
13640,Toyota,1979-toyota,1979
13641,Chevrolet,1978-chevrolet,1978
13642,Dodge,1978-dodge,1978
13643,Ford,1978-ford,1978
13644,GMC,1978-gmc,1978
13645,International,1978-international,1978
13646,Jeep,1978-jeep,1978
13647,Mazda,1978-mazda,1978
13648,Nissan,1978-nissan,1978
13649,Plymouth,1978-plymouth,1978
13650,Subaru,1978-subaru,1978
13651,Toyota,1978-toyota,1978
13652,Chevrolet,1977-chevrolet,1977
13653,Dodge,1977-dodge,1977
13654,Ford,1977-ford,1977
13655,GMC,1977-gmc,1977
13656,International,1977-international,1977
13657,Jeep,1977-jeep,1977
13658,Mazda,1977-mazda,1977
13659,Nissan,1977-nissan,1977
13660,Plymouth,1977-plymouth,1977
13661,Toyota,1977-toyota,1977
13662,Chevrolet,1976-chevrolet,1976
13663,Dodge,1976-dodge,1976
13664,Ford,1976-ford,1976
13665,GMC,1976-gmc,1976
13666,International,1976-international,1976
13667,Jeep,1976-jeep,1976
13668,Mazda,1976-mazda,1976
13669,Nissan,1976-nissan,1976
13670,Plymouth,1976-plymouth,1976
13671,Toyota,1976-toyota,1976
13672,Chevrolet,1975-chevrolet,1975
13673,Dodge,1975-dodge,1975
13674,Ford,1975-ford,1975
13675,GMC,1975-gmc,1975
13676,International,1975-international,1975
13677,Jeep,1975-jeep,1975
13678,Mazda,1975-mazda,1975
13679,Nissan,1975-nissan,1975
13680,Plymouth,1975-plymouth,1975
13681,Toyota,1975-toyota,1975
13682,"AM General",1974-am-general,1974
13683,Chevrolet,1974-chevrolet,1974
13684,Dodge,1974-dodge,1974
13685,Ford,1974-ford,1974
13686,GMC,1974-gmc,1974
13687,International,1974-international,1974
13688,Jeep,1974-jeep,1974
13689,"Land Rover",1974-land-rover,1974
13690,Mazda,1974-mazda,1974
13691,Nissan,1974-nissan,1974
13692,Plymouth,1974-plymouth,1974
13693,Toyota,1974-toyota,1974
13694,"AM General",1973-am-general,1973
13695,Chevrolet,1973-chevrolet,1973
13696,Dodge,1973-dodge,1973
13697,Ford,1973-ford,1973
13698,GMC,1973-gmc,1973
13699,International,1973-international,1973
13700,Jeep,1973-jeep,1973
13701,"Land Rover",1973-land-rover,1973
13702,Mazda,1973-mazda,1973
13703,Nissan,1973-nissan,1973
13704,Toyota,1973-toyota,1973
13705,"AM General",1972-am-general,1972
13706,Chevrolet,1972-chevrolet,1972
13707,Dodge,1972-dodge,1972
13708,Ford,1972-ford,1972
13709,GMC,1972-gmc,1972
13710,International,1972-international,1972
13711,Jeep,1972-jeep,1972
13712,"Land Rover",1972-land-rover,1972
13713,Mazda,1972-mazda,1972
13714,Nissan,1972-nissan,1972
13715,Toyota,1972-toyota,1972
13716,"AM General",1971-am-general,1971
13717,Chevrolet,1971-chevrolet,1971
13718,Dodge,1971-dodge,1971
13719,Ford,1971-ford,1971
13720,GMC,1971-gmc,1971
13721,International,1971-international,1971
13722,Jeep,1971-jeep,1971
13723,"Land Rover",1971-land-rover,1971
13724,Nissan,1971-nissan,1971
13725,Toyota,1971-toyota,1971
13726,"AM General",1970-am-general,1970
13727,Chevrolet,1970-chevrolet,1970
13728,Dodge,1970-dodge,1970
13729,Ford,1970-ford,1970
13730,GMC,1970-gmc,1970
13731,International,1970-international,1970
13732,Jeep,1970-jeep,1970
13733,"Land Rover",1970-land-rover,1970
13734,Nissan,1970-nissan,1970
13735,Toyota,1970-toyota,1970
13736,"AM General",1969-am-general,1969
13737,Chevrolet,1969-chevrolet,1969
13738,Dodge,1969-dodge,1969
13739,Ford,1969-ford,1969
13740,GMC,1969-gmc,1969
13741,International,1969-international,1969
13742,Jeep,1969-jeep,1969
13743,"Land Rover",1969-land-rover,1969
13744,Nissan,1969-nissan,1969
13745,Toyota,1969-toyota,1969
13746,Chevrolet,1968-chevrolet,1968
13747,Dodge,1968-dodge,1968
13748,Ford,1968-ford,1968
13749,GMC,1968-gmc,1968
13750,International,1968-international,1968
13751,Jeep,1968-jeep,1968
13752,"Land Rover",1968-land-rover,1968
13753,Nissan,1968-nissan,1968
13754,Toyota,1968-toyota,1968
13755,Chevrolet,1967-chevrolet,1967
13756,Dodge,1967-dodge,1967
13757,Ford,1967-ford,1967
13758,GMC,1967-gmc,1967
13759,International,1967-international,1967
13760,Jeep,1967-jeep,1967
13761,"Land Rover",1967-land-rover,1967
13762,Nissan,1967-nissan,1967
13763,Toyota,1967-toyota,1967
13764,Chevrolet,1966-chevrolet,1966
13765,Dodge,1966-dodge,1966
13766,Ford,1966-ford,1966
13767,GMC,1966-gmc,1966
13768,International,1966-international,1966
13769,Jeep,1966-jeep,1966
13770,"Land Rover",1966-land-rover,1966
13771,Nissan,1966-nissan,1966
13772,Toyota,1966-toyota,1966
13773,Chevrolet,1965-chevrolet,1965
13774,Dodge,1965-dodge,1965
13775,Ford,1965-ford,1965
13776,GMC,1965-gmc,1965
13777,International,1965-international,1965
13778,Jeep,1965-jeep,1965
13779,"Land Rover",1965-land-rover,1965
13780,Nissan,1965-nissan,1965
13781,Toyota,1965-toyota,1965
13782,Chevrolet,1964-chevrolet,1964
13783,Dodge,1964-dodge,1964
13784,Ford,1964-ford,1964
13785,GMC,1964-gmc,1964
13786,International,1964-international,1964
13787,Jeep,1964-jeep,1964
13788,"Land Rover",1964-land-rover,1964
13789,Nissan,1964-nissan,1964
13790,Studebaker,1964-studebaker,1964
13791,Toyota,1964-toyota,1964
13792,Chevrolet,1963-chevrolet,1963
13793,Dodge,1963-dodge,1963
13794,Ford,1963-ford,1963
13795,GMC,1963-gmc,1963
13796,International,1963-international,1963
13797,Jeep,1963-jeep,1963
13798,"Land Rover",1963-land-rover,1963
13799,Nissan,1963-nissan,1963
13800,Studebaker,1963-studebaker,1963
13801,Toyota,1963-toyota,1963
13802,Chevrolet,1962-chevrolet,1962
13803,Dodge,1962-dodge,1962
13804,Ford,1962-ford,1962
13805,GMC,1962-gmc,1962
13806,International,1962-international,1962
13807,Jeep,1962-jeep,1962
13808,"Land Rover",1962-land-rover,1962
13809,Nissan,1962-nissan,1962
13810,Studebaker,1962-studebaker,1962
13811,Toyota,1962-toyota,1962
13812,Chevrolet,1961-chevrolet,1961
13813,Dodge,1961-dodge,1961
13814,Ford,1961-ford,1961
13815,GMC,1961-gmc,1961
13816,International,1961-international,1961
13817,Jeep,1961-jeep,1961
13818,"Land Rover",1961-land-rover,1961
13819,Nissan,1961-nissan,1961
13820,Studebaker,1961-studebaker,1961
13821,Toyota,1961-toyota,1961
13822,Chevrolet,1960-chevrolet,1960
13823,Dodge,1960-dodge,1960
13824,Ford,1960-ford,1960
13825,GMC,1960-gmc,1960
13826,International,1960-international,1960
13827,Jeep,1960-jeep,1960
13828,"Land Rover",1960-land-rover,1960
13829,Studebaker,1960-studebaker,1960
13830,Toyota,1960-toyota,1960
13831,Chevrolet,1959-chevrolet,1959
13832,Dodge,1959-dodge,1959
13833,Ford,1959-ford,1959
13834,GMC,1959-gmc,1959
13835,International,1959-international,1959
13836,Jeep,1959-jeep,1959
13837,"Land Rover",1959-land-rover,1959
13838,Studebaker,1959-studebaker,1959
13839,Chevrolet,1958-chevrolet,1958
13840,Dodge,1958-dodge,1958
13841,Ford,1958-ford,1958
13842,GMC,1958-gmc,1958
13843,International,1958-international,1958
13844,Jeep,1958-jeep,1958
13845,"Land Rover",1958-land-rover,1958
13846,Studebaker,1958-studebaker,1958
13847,Chevrolet,1957-chevrolet,1957
13848,Dodge,1957-dodge,1957
13849,Ford,1957-ford,1957
13850,GMC,1957-gmc,1957
13851,International,1957-international,1957
13852,Jeep,1957-jeep,1957
13853,"Land Rover",1957-land-rover,1957
13854,Studebaker,1957-studebaker,1957
13855,Chevrolet,1956-chevrolet,1956
13856,Dodge,1956-dodge,1956
13857,Ford,1956-ford,1956
13858,GMC,1956-gmc,1956
13859,International,1956-international,1956
13860,Jeep,1956-jeep,1956
13861,"Land Rover",1956-land-rover,1956
13862,Studebaker,1956-studebaker,1956
13863,Chevrolet,1955-chevrolet,1955
13864,Dodge,1955-dodge,1955
13865,Ford,1955-ford,1955
13866,GMC,1955-gmc,1955
13867,International,1955-international,1955
13868,Jeep,1955-jeep,1955
13869,"Land Rover",1955-land-rover,1955
13870,Studebaker,1955-studebaker,1955
13871,Willys,1955-willys,1955
13872,Chevrolet,1954-chevrolet,1954
13873,Dodge,1954-dodge,1954
13874,Ford,1954-ford,1954
13875,GMC,1954-gmc,1954
13876,International,1954-international,1954
13877,Jeep,1954-jeep,1954
13878,"Land Rover",1954-land-rover,1954
13879,Studebaker,1954-studebaker,1954
13880,Willys,1954-willys,1954
13881,Chevrolet,1953-chevrolet,1953
13882,Dodge,1953-dodge,1953
13883,Ford,1953-ford,1953
13884,GMC,1953-gmc,1953
13885,International,1953-international,1953
13886,Jeep,1953-jeep,1953
13887,"Land Rover",1953-land-rover,1953
13888,Studebaker,1953-studebaker,1953
13889,Willys,1953-willys,1953
13890,Chevrolet,1952-chevrolet,1952
13891,Crosley,1952-crosley,1952
13892,Dodge,1952-dodge,1952
13893,Ford,1952-ford,1952
13894,GMC,1952-gmc,1952
13895,International,1952-international,1952
13896,Jeep,1952-jeep,1952
13897,"Land Rover",1952-land-rover,1952
13898,Studebaker,1952-studebaker,1952
13899,Willys,1952-willys,1952
13900,Chevrolet,1951-chevrolet,1951
13901,Crosley,1951-crosley,1951
13902,Dodge,1951-dodge,1951
13903,Ford,1951-ford,1951
13904,GMC,1951-gmc,1951
13905,International,1951-international,1951
13906,Jeep,1951-jeep,1951
13907,"Land Rover",1951-land-rover,1951
13908,Studebaker,1951-studebaker,1951
13909,Willys,1951-willys,1951
13910,Chevrolet,1950-chevrolet,1950
13911,Crosley,1950-crosley,1950
13912,Dodge,1950-dodge,1950
13913,Ford,1950-ford,1950
13914,GMC,1950-gmc,1950
13915,International,1950-international,1950
13916,Jeep,1950-jeep,1950
13917,"Land Rover",1950-land-rover,1950
13918,Studebaker,1950-studebaker,1950
13919,Willys,1950-willys,1950
13920,Chevrolet,1949-chevrolet,1949
13921,Crosley,1949-crosley,1949
13922,Dodge,1949-dodge,1949
13923,Ford,1949-ford,1949
13924,GMC,1949-gmc,1949
13925,Jeep,1949-jeep,1949
13926,"Land Rover",1949-land-rover,1949
13927,Studebaker,1949-studebaker,1949
13928,Willys,1949-willys,1949
13929,Chevrolet,1948-chevrolet,1948
13930,Crosley,1948-crosley,1948
13931,Dodge,1948-dodge,1948
13932,Ford,1948-ford,1948
13933,GMC,1948-gmc,1948
13934,Jeep,1948-jeep,1948
13935,"Land Rover",1948-land-rover,1948
13936,Studebaker,1948-studebaker,1948
13937,Willys,1948-willys,1948
13938,Chevrolet,1947-chevrolet,1947
13939,Crosley,1947-crosley,1947
13940,Dodge,1947-dodge,1947
13941,Ford,1947-ford,1947
13942,GMC,1947-gmc,1947
13943,Hudson,1947-hudson,1947
13944,Jeep,1947-jeep,1947
13945,Studebaker,1947-studebaker,1947
13946,Willys,1947-willys,1947
13947,Chevrolet,1946-chevrolet,1946
13948,Dodge,1946-dodge,1946
13949,Ford,1946-ford,1946
13950,GMC,1946-gmc,1946
13951,Hudson,1946-hudson,1946
13952,Jeep,1946-jeep,1946
13953,Studebaker,1946-studebaker,1946
13954,Willys,1946-willys,1946
13955,Chevrolet,1945-chevrolet,1945
13956,Dodge,1945-dodge,1945
13957,Ford,1945-ford,1945
13958,GMC,1945-gmc,1945
13959,Jeep,1945-jeep,1945
13960,Studebaker,1945-studebaker,1945
13961,Willys,1945-willys,1945
13962,Chevrolet,1944-chevrolet,1944
13963,Dodge,1944-dodge,1944
13964,Ford,1944-ford,1944
13965,GMC,1944-gmc,1944
13966,Jeep,1944-jeep,1944
13967,Studebaker,1944-studebaker,1944
13968,Chevrolet,1943-chevrolet,1943
13969,Dodge,1943-dodge,1943
13970,Ford,1943-ford,1943
13971,GMC,1943-gmc,1943
13972,Jeep,1943-jeep,1943
13973,Studebaker,1943-studebaker,1943
13974,Willys,1943-willys,1943
13975,Chevrolet,1942-chevrolet,1942
13976,Dodge,1942-dodge,1942
13977,Ford,1942-ford,1942
13978,GMC,1942-gmc,1942
13979,Studebaker,1942-studebaker,1942
13980,Willys,1942-willys,1942
13981,Chevrolet,1941-chevrolet,1941
13982,Dodge,1941-dodge,1941
13983,Ford,1941-ford,1941
13984,GMC,1941-gmc,1941
13985,Studebaker,1941-studebaker,1941
13986,Willys,1941-willys,1941
13987,Chevrolet,1940-chevrolet,1940
13988,Dodge,1940-dodge,1940
13989,Fargo,1940-fargo,1940
13990,Ford,1940-ford,1940
13991,GMC,1940-gmc,1940
13992,Willys,1940-willys,1940
13993,Chevrolet,1939-chevrolet,1939
13994,Dodge,1939-dodge,1939
13995,Fargo,1939-fargo,1939
13996,Ford,1939-ford,1939
13997,GMC,1939-gmc,1939
13998,Studebaker,1939-studebaker,1939
13999,Willys,1939-willys,1939
14000,Chevrolet,1938-chevrolet,1938
14001,Dodge,1938-dodge,1938
14002,Ford,1938-ford,1938
14003,GMC,1938-gmc,1938
14004,Plymouth,1938-plymouth,1938
14005,Studebaker,1938-studebaker,1938
14006,Willys,1938-willys,1938
14007,Chevrolet,1937-chevrolet,1937
14008,Dodge,1937-dodge,1937
14009,Ford,1937-ford,1937
14010,GMC,1937-gmc,1937
14011,Plymouth,1937-plymouth,1937
14012,Studebaker,1937-studebaker,1937
14013,Chevrolet,1936-chevrolet,1936
14014,Dodge,1936-dodge,1936
14015,Fargo,1936-fargo,1936
14016,Ford,1936-ford,1936
14017,GMC,1936-gmc,1936
14018,Chevrolet,1935-chevrolet,1935
14019,Dodge,1935-dodge,1935
14020,Ford,1935-ford,1935
14021,GMC,1935-gmc,1935
14022,Chevrolet,1934-chevrolet,1934
14023,Dodge,1934-dodge,1934
14024,Ford,1934-ford,1934
14025,Chevrolet,1933-chevrolet,1933
14026,Dodge,1933-dodge,1933
14027,Ford,1933-ford,1933
14028,Chevrolet,1932-chevrolet,1932
14029,Ford,1932-ford,1932
14030,Chevrolet,1931-chevrolet,1931
14031,Ford,1931-ford,1931
14032,Chevrolet,1930-chevrolet,1930
14033,Ford,1930-ford,1930
14034,Chevrolet,1929-chevrolet,1929
14035,Ford,1929-ford,1929
14036,Chevrolet,1928-chevrolet,1928
14037,Ford,1928-ford,1928
14038,Chevrolet,1927-chevrolet,1927
14039,Ford,1927-ford,1927
14040,Chevrolet,1926-chevrolet,1926
14041,Ford,1926-ford,1926
14042,Willys,1926-willys,1926
14043,Chevrolet,1925-chevrolet,1925
14044,Ford,1925-ford,1925
14045,Willys,1925-willys,1925
14046,Chevrolet,1924-chevrolet,1924
14047,Ford,1924-ford,1924
14048,Willys,1924-willys,1924
14049,Chevrolet,1923-chevrolet,1923
14050,Ford,1923-ford,1923
14051,Pierce-Arrow,1923-pierce-arrow,1923
14052,Willys,1923-willys,1923
14053,Chevrolet,1922-chevrolet,1922
14054,Ford,1922-ford,1922
14055,Pierce-Arrow,1922-pierce-arrow,1922
14056,Willys,1922-willys,1922
14057,Chevrolet,1921-chevrolet,1921
14058,Ford,1921-ford,1921
14059,Pierce-Arrow,1921-pierce-arrow,1921
14060,Willys,1921-willys,1921
14061,Ford,1920-ford,1920
14062,Pierce-Arrow,1920-pierce-arrow,1920
14063,Willys,1920-willys,1920
14064,Ford,1919-ford,1919
14065,Velie,1919-velie,1919
14066,Willys,1919-willys,1919
14067,Ford,1918-ford,1918
14068,Locomobile,1918-locomobile,1918
14069,Pierce-Arrow,1918-pierce-arrow,1918
14070,Velie,1918-velie,1918
14071,Willys,1918-willys,1918
14072,Ford,1917-ford,1917
14073,Locomobile,1917-locomobile,1917
14074,Pierce-Arrow,1917-pierce-arrow,1917
14075,Willys,1917-willys,1917
14076,Ford,1916-ford,1916
14077,Locomobile,1916-locomobile,1916
14078,Oakland,1916-oakland,1916
14079,Willys,1916-willys,1916
14080,Ford,1915-ford,1915
14081,Locomobile,1915-locomobile,1915
14082,Oakland,1915-oakland,1915
14083,Willys,1915-willys,1915
14084,Ford,1914-ford,1914
14085,Locomobile,1914-locomobile,1914
14086,Willys,1914-willys,1914
14087,Ford,1913-ford,1913
14088,International,1913-international,1913
14089,Locomobile,1913-locomobile,1913
14090,Willys,1913-willys,1913
14091,Ford,1912-ford,1912
14092,Willys,1912-willys,1912
14093,Ford,1911-ford,1911
14094,Willys,1911-willys,1911
14095,Ford,1910-ford,1910
14096,Ford,1909-ford,1909
14097,International,1907-international,1907
