part_number,display_name,price,image
MR30178560325,"Method Race Wheels 301 The Standard, 17x8.5 with 6 on 5.5 Bolt Pattern - Machined - MR30178560325",$325.99,https://www.4wheelparts.com/sku/Method%20Race%20Wheels/400x400/Method_301_Machined_01.jpg
MR30178560525,"Method Race Wheels 301 The Standard, 17x8.5 with 6 on 5.5 Bolt Pattern - Matte Black - MR30178560525",$325.99,https://www.4wheelparts.com/sku/Method%20Race%20Wheels/400x400/Method_301_MatteBlack_01.jpg
MR30178580525,"Method Race Wheels The Standard MR301,17X8.5 Wheel with 8X6.5 Bolt Pattern-Matte Black - MR30178580525",$317.50,https://www.4wheelparts.com/sku/Method%20Race%20Wheels/400x400/Method_301_MatteBlack_01.jpg
MR30578516525,"Method Race Wheels 305 NV, 17x8.5 with 6 on 135 Bolt Pattern - Matte Black - MR30578516525",$323.00,https://www.4wheelparts.com/sku/Method%20Race%20Wheels/400x400/MR305NV_BK_01.jpg
MR305785601025,"Method Race Wheels 305 NV, 17x8.5 with 6 on 5.5 Bolt Pattern - Matte Black / Gloss Black - MR305785601025",$382.50,https://www.4wheelparts.com/sku/Method%20Race%20Wheels/400x400/MR305NV_GBMB_01.jpg
MR30578560325,"Method Race Wheels 305 NV, 17x8.5 with 6 on 5.5/139.7 Bolt Pattern - Matte Black - MR30578560325",$323.00,https://www.4wheelparts.com/sku/Method%20Race%20Wheels/400x400/MR305NV_BK_01.jpg
MR30578560525,"Method Race Wheels 305 NV, 17x8.5 with 6 on 5.5/139.7 Bolt Pattern - Matte Black - MR30578560525",$323.00,https://www.4wheelparts.com/sku/Method%20Race%20Wheels/400x400/MR305NV_BK_01.jpg
MR30578560925,"Method Race Wheels 305 NV, 17x8.5 with 6 on 5.5/139.7 Bolt Pattern - Bronze / Black - MR30578560925",$345.00,https://www.4wheelparts.com/sku/Method%20Race%20Wheels/400x400/MR305NV_BZ_01.jpg
MR31578580125,"Method Race Wheels 315, 17x8.5 with 8x6.5 Bolt Pattern - Gold and Black Street Loc - MR31578580125",$429.50,https://www.4wheelparts.com/sku/Method%20Race%20Wheels/400x400/MRWMR31568062100_01.jpg
MR31578580325,"Method Race Wheels 315, 17x8.5 with 8x6.5 Bolt Pattern - Machined Clear Coat - MR31578580325",$392.00,https://www.4wheelparts.com/sku/Method%20Race%20Wheels/400x400/MR315_Machined_6_Lug_1000px_2048x.jpg
MR31578580525,"Method Race Wheels 315, 17x8.5 with 8x6.5 Bolt Pattern - Matte Black - MR31578580525",$392.00,https://www.4wheelparts.com/sku/Method%20Race%20Wheels/400x400/MR315_Matte_Black_6_Lug_1000px_2048x.jpg
MR70378516525,"Method Race Wheels 703, 17x8.5 with 6 on 135 Bolt Pattern - Matte Black - MR70378516525",$356.50,https://www.4wheelparts.com/sku/Method%20Race%20Wheels/400x400/Method_MR703_MatteBlack_01.jpg
MR70378516925,"Method Race Wheels 703, 17x8.5 with 6 on 135 Bolt Pattern - Bronze - MR70378516925",$356.50,https://www.4wheelparts.com/sku/Method%20Race%20Wheels/400x400/Method_MR703_Bronze_01.jpg
MR70578516825,"Method Race Wheels MR705, 17x8.5 with 6 on 135 Bolt Pattern - Matte Titanium - MR70578516825",$356.50,https://www.4wheelparts.com/sku/Method%20Race%20Wheels/400x400/MR705Titanium_01.jpg
MR70678516525,"Method Race Wheels 706 Bead Grip, 17x8.5 with 6 on 135 Bolt Pattern - Matte Black - MR70678516525",$356.50,https://www.4wheelparts.com/sku/Method%20Race%20Wheels/400x400/MR706_MB_01.jpg
MR70678516925,"Method Race Wheels 706 Bead Grip, 17x8.5 with 6 on 135 Bolt Pattern - Bronze - MR70678516925",$356.50,https://www.4wheelparts.com/sku/Method%20Race%20Wheels/400x400/MR706_Bz_01.jpg
TWG8303-7883MB18,"Mayhem Wheels Voyager, 17x8.5 with 6 on 5.5/139.7 Bolt Pattern - Matte Black - 8303-7883MB18",$277.99,https://www.4wheelparts.com/sku/Mayhem%20Wheels/400x400/Voyager-MB-01.jpg
MR30578558525,"Method Race Wheels 305 NV, 17x8.5 with 5 on 150 Bolt Pattern - Matte Black - MR30578558525",$323.00,https://images.procompusa.com/sku/Method%20Race%20Wheels/400x400/MR305NV_BK_01.jpg
MR31477558525,"Method Race Wheels 314, 17x7.5 with 5 on 150 Bolt Pattern - Matte Black - MR31477558525",$323.00,https://images.procompusa.com/sku/Method%20Race%20Wheels/400x400/MRWMR31489060518_01.jpg
MR31477558825,"Method Race Wheels 314, 17x7.5 with 5 on 150 Bolt Pattern - Gloss Titanium - MR31477558825",$323.00,https://images.procompusa.com/sku/Method%20Race%20Wheels/400x400/MRWMR31478580800_01.jpg